position,image_url,type,artist,album,release_date,album_url,artist_url,title,description
1,https://e.snmc.io/2.5/img/images/blank.png,music,My Chemical Romance,The Black Parade,2006,https://rateyourmusic.com/release/album/my-chemical-romance/the-black-parade/,https://rateyourmusic.com/artist/my-chemical-romance,N/A,N/A
2,https://e.snmc.io/2.5/img/images/blank.png,music,Gil Scott-Heron,Pieces of a Man,1971,https://rateyourmusic.com/release/album/gil-scott-heron/pieces-of-a-man/,https://rateyourmusic.com/artist/gil-scott-heron,N/A,N/A
3,https://e.snmc.io/2.5/img/images/blank.png,music,Burzum,Filosofem,1996,https://rateyourmusic.com/release/album/burzum/filosofem/,https://rateyourmusic.com/artist/burzum,N/A,N/A
4,https://e.snmc.io/2.5/img/images/blank.png,music,Townes Van Zandt,"Live at The Old Quarter, Houston, Texas",1977,https://rateyourmusic.com/release/album/townes-van-zandt/live-at-the-old-quarter-houston-texas/,https://rateyourmusic.com/artist/townes-van-zandt,N/A,N/A
5,https://e.snmc.io/2.5/img/images/blank.png,music,Ornette Coleman,The Shape of Jazz to Come,1959,https://rateyourmusic.com/release/album/ornette-coleman/the-shape-of-jazz-to-come-4/,https://rateyourmusic.com/artist/ornette-coleman,N/A,N/A
6,https://e.snmc.io/2.5/img/images/blank.png,music,Lil Ugly Mane,Volcanic Bird Enemy and the Voiced Concern,2021,https://rateyourmusic.com/release/album/lil-ugly-mane/volcanic-bird-enemy-and-the-voiced-concern/,https://rateyourmusic.com/artist/lil-ugly-mane,N/A,N/A
7,https://e.snmc.io/2.5/img/images/blank.png,music,Racionais MC's,Sobrevivendo no inferno,1997,https://rateyourmusic.com/release/album/racionais-mcs/sobrevivendo-no-inferno/,https://rateyourmusic.com/artist/racionais-mcs,N/A,N/A
8,https://e.snmc.io/2.5/img/images/blank.png,music,The Kinks,Arthur or the Decline and Fall of the British Empire,1969,https://rateyourmusic.com/release/album/the-kinks/arthur-or-the-decline-and-fall-of-the-british-empire/,https://rateyourmusic.com/artist/the-kinks,N/A,N/A
9,https://e.snmc.io/2.5/img/images/blank.png,music,Dissection,Storm of the Light's Bane,1995,https://rateyourmusic.com/release/album/dissection/storm-of-the-lights-bane-8/,https://rateyourmusic.com/artist/dissection,N/A,N/A
10,https://e.snmc.io/2.5/img/images/blank.png,music,The Mahavishnu Orchestra with John McLaughlin,The Inner Mounting Flame,1971,https://rateyourmusic.com/release/album/the-mahavishnu-orchestra-with-john-mclaughlin/the-inner-mounting-flame/,https://rateyourmusic.com/artist/mahavishnu-orchestra,N/A,N/A
11,https://e.snmc.io/2.5/img/images/blank.png,music,Opeth,Ghost Reveries,2005,https://rateyourmusic.com/release/album/opeth/ghost-reveries/,https://rateyourmusic.com/artist/opeth,N/A,N/A
12,https://e.snmc.io/2.5/img/images/blank.png,music,Swans,The Great Annihilator,1995,https://rateyourmusic.com/release/album/swans/the-great-annihilator/,https://rateyourmusic.com/artist/swans,N/A,N/A
13,https://e.snmc.io/2.5/img/images/blank.png,music,Bob Dylan,The Bootleg Series Vol. 5: Live 1975 - The Rolling Thunder Revue,2002,https://rateyourmusic.com/release/album/bob-dylan/the-bootleg-series-vol-5-live-1975-the-rolling-thunder-revue/,https://rateyourmusic.com/artist/bob-dylan,N/A,N/A
14,https://e.snmc.io/2.5/img/images/blank.png,music,Alice in Chains,MTV Unplugged,1996,https://rateyourmusic.com/release/album/alice-in-chains/mtv-unplugged/,https://rateyourmusic.com/artist/alice-in-chains,N/A,N/A
15,https://e.snmc.io/2.5/img/images/blank.png,music,Gorguts,Obscura,1998,https://rateyourmusic.com/release/album/gorguts/obscura/,https://rateyourmusic.com/artist/gorguts,N/A,N/A
16,https://e.snmc.io/2.5/img/images/blank.png,music,Kanye West,Graduation,2007,https://rateyourmusic.com/release/album/kanye-west/graduation/,https://rateyourmusic.com/artist/kanye-west,N/A,N/A
17,https://e.snmc.io/2.5/img/images/blank.png,music,The John Coltrane Quartet,Africa / Brass,1961,https://rateyourmusic.com/release/album/the-john-coltrane-quartet/africa-brass/,https://rateyourmusic.com/artist/john-coltrane,N/A,N/A
18,https://e.snmc.io/2.5/img/images/blank.png,music,Wiener Philharmoniker,Requiem,1971,https://rateyourmusic.com/release/album/wiener-philharmoniker-konzertvereinigung-wiener-staatsopernchor-karl-bohm-edith-mathis-julia-hamari-wieslaw-ochman-karl-ridderbusch/requiem/,https://rateyourmusic.com/artist/wiener-philharmoniker,N/A,N/A
19,https://e.snmc.io/2.5/img/images/blank.png,music,billy woods,Aethiopes,2022,https://rateyourmusic.com/release/album/billy-woods/aethiopes/,https://rateyourmusic.com/artist/billy-woods,N/A,N/A
20,https://e.snmc.io/2.5/img/images/blank.png,music,Sun Ra,Lanquidity,1978,https://rateyourmusic.com/release/album/sun-ra/lanquidity/,https://rateyourmusic.com/artist/sun-ra,N/A,N/A
21,https://e.snmc.io/i/150/s/deb9d99a4f6acba35af4aa3c7f8ccda7/7654638,music,This Heat,Deceit,1981,https://rateyourmusic.com/release/album/this-heat/deceit/,https://rateyourmusic.com/artist/this-heat,N/A,N/A
22,https://e.snmc.io/i/150/s/f04d133acac53efeb77c66cf311cf5fa/12851980,music,Danger Mouse,Cheat Codes,2022,https://rateyourmusic.com/release/album/danger-mouse-black-thought/cheat-codes/,https://rateyourmusic.com/artist/danger-mouse,N/A,N/A
23,https://e.snmc.io/i/150/s/c9bc80a90fb57a3bc1ee355a4fe28bbf/7008299,music,Vangelis,Blade Runner,1994,https://rateyourmusic.com/release/album/vangelis/blade-runner/,https://rateyourmusic.com/artist/vangelis,N/A,N/A
24,https://e.snmc.io/2.5/img/images/blank.png,music,Kraftwerk,Trans Europa Express,1977,https://rateyourmusic.com/release/album/kraftwerk/trans-europa-express-1/,https://rateyourmusic.com/artist/kraftwerk,N/A,N/A
25,https://e.snmc.io/2.5/img/images/blank.png,music,Sufjan Stevens,Javelin,2023,https://rateyourmusic.com/release/album/sufjan-stevens/javelin/,https://rateyourmusic.com/artist/sufjan-stevens,N/A,N/A
26,https://e.snmc.io/2.5/img/images/blank.png,music,Prince and The Revolution,Prince and the Revolution: Live,2020,https://rateyourmusic.com/release/album/prince-and-the-revolution/prince-and-the-revolution-live/,https://rateyourmusic.com/artist/prince-and-the-revolution,N/A,N/A
27,https://e.snmc.io/2.5/img/images/blank.png,music,King Gizzard and The Lizard Wizard,Nonagon Infinity,2016,https://rateyourmusic.com/release/album/king-gizzard-and-the-lizard-wizard/nonagon-infinity/,https://rateyourmusic.com/artist/king-gizzard-and-the-lizard-wizard,N/A,N/A
28,https://e.snmc.io/2.5/img/images/blank.png,music,Natural Snow Buildings,The Winter Ray,2004,https://rateyourmusic.com/release/album/natural-snow-buildings/the-winter-ray/,https://rateyourmusic.com/artist/natural-snow-buildings,N/A,N/A
29,https://e.snmc.io/2.5/img/images/blank.png,music,New York Philharmonic,Le sacre du printemps,1958,https://rateyourmusic.com/release/album/new-york-philharmonic-leonard-bernstein/le-sacre-du-printemps/,https://rateyourmusic.com/artist/new-york-philharmonic,N/A,N/A
30,https://e.snmc.io/2.5/img/images/blank.png,music,Kyuss,Kyuss [Welcome to Sky Valley],1994,https://rateyourmusic.com/release/album/kyuss/kyuss-welcome-to-sky-valley-3/,https://rateyourmusic.com/artist/kyuss,N/A,N/A
31,https://e.snmc.io/2.5/img/images/blank.png,music,Electric Masada,At the Mountains of Madness,2005,https://rateyourmusic.com/release/album/electric-masada/at-the-mountains-of-madness/,https://rateyourmusic.com/artist/electric-masada,N/A,N/A
32,https://e.snmc.io/2.5/img/images/blank.png,music,Artur Rubinstein,The Nocturnes,1967,https://rateyourmusic.com/release/album/artur-rubinstein/the-nocturnes/,https://rateyourmusic.com/artist/artur-rubinstein,N/A,N/A
33,https://e.snmc.io/2.5/img/images/blank.png,music,Toby Fox,DELTARUNE: Chapters 3+4,2025,https://rateyourmusic.com/release/album/toby-fox/deltarune-chapters-3_4/,https://rateyourmusic.com/artist/toby-fox,N/A,N/A
34,https://e.snmc.io/2.5/img/images/blank.png,music,Dead Kennedys,Plastic Surgery Disasters,1982,https://rateyourmusic.com/release/album/dead-kennedys/plastic-surgery-disasters/,https://rateyourmusic.com/artist/dead-kennedys,N/A,N/A
35,https://e.snmc.io/2.5/img/images/blank.png,music,American Football,American Football,1999,https://rateyourmusic.com/release/album/american-football/american-football/,https://rateyourmusic.com/artist/american-football,N/A,N/A
36,https://e.snmc.io/2.5/img/images/blank.png,music,Serú Girán,Grasa de las capitales,1979,https://rateyourmusic.com/release/album/seru-giran/grasa-de-las-capitales/,https://rateyourmusic.com/artist/seru-giran,N/A,N/A
37,https://e.snmc.io/2.5/img/images/blank.png,music,Carissa's Wierd,Songs About Leaving,2002,https://rateyourmusic.com/release/album/carissas-wierd/songs-about-leaving/,https://rateyourmusic.com/artist/carissas-wierd,N/A,N/A
38,https://e.snmc.io/2.5/img/images/blank.png,music,"Toby ""Radiation"" Fox",UNDERTALE,2015,https://rateyourmusic.com/release/album/toby-radiation-fox/undertale-4/,https://rateyourmusic.com/artist/toby-fox,N/A,N/A
39,https://e.snmc.io/2.5/img/images/blank.png,music,Gorillaz,Plastic Beach,2010,https://rateyourmusic.com/release/album/gorillaz/plastic-beach/,https://rateyourmusic.com/artist/gorillaz,N/A,N/A
40,https://e.snmc.io/2.5/img/images/blank.png,music,Three-6 Mafia,Mystic Stylez,1995,https://rateyourmusic.com/release/album/three-6-mafia/mystic-stylez/,https://rateyourmusic.com/artist/three-6-mafia,N/A,N/A
41,https://e.snmc.io/2.5/img/images/blank.png,music,Gojira,From Mars to Sirius,2005,https://rateyourmusic.com/release/album/gojira/from-mars-to-sirius/,https://rateyourmusic.com/artist/gojira,N/A,N/A
42,https://e.snmc.io/2.5/img/images/blank.png,music,Lil Ugly Mane,Mista Thug Isolation,2012,https://rateyourmusic.com/release/album/lil-ugly-mane/mista-thug-isolation/,https://rateyourmusic.com/artist/lil-ugly-mane,N/A,N/A
43,https://e.snmc.io/2.5/img/images/blank.png,music,The Doors,Strange Days,1967,https://rateyourmusic.com/release/album/the-doors/strange-days-17/,https://rateyourmusic.com/artist/the-doors,N/A,N/A
44,https://e.snmc.io/2.5/img/images/blank.png,music,Pharoah Sanders,Love in Us All,1974,https://rateyourmusic.com/release/album/pharoah-sanders/love-in-us-all/,https://rateyourmusic.com/artist/pharoah-sanders,N/A,N/A
45,https://e.snmc.io/2.5/img/images/blank.png,music,John Coltrane,Ascension [Edition I],1966,https://rateyourmusic.com/release/album/john-coltrane/ascension-edition-i/,https://rateyourmusic.com/artist/john-coltrane,N/A,N/A
46,https://e.snmc.io/i/150/s/2a716ddb395ae2489f2713092847dee0/5831325,music,Unwound,New Plastic Ideas,1994,https://rateyourmusic.com/release/album/unwound/new-plastic-ideas/,https://rateyourmusic.com/artist/unwound,N/A,N/A
47,https://e.snmc.io/i/150/s/4f5389889c457cf61a1ed72e1c44fed0/11552418,music,Floating Points,Promises,2021,https://rateyourmusic.com/release/album/floating-points-pharoah-sanders-and-the-london-symphony-orchestra/promises/,https://rateyourmusic.com/artist/floating-points,N/A,N/A
48,https://e.snmc.io/i/150/s/9b0e9bea0538d85be1284e69532553c3/6275602,music,Coil,The Ape of Naples,2005,https://rateyourmusic.com/release/album/coil/the-ape-of-naples/,https://rateyourmusic.com/artist/coil,N/A,N/A
49,https://e.snmc.io/2.5/img/images/blank.png,music,Zappa / Mothers,The Roxy Performances,2018,https://rateyourmusic.com/release/album/zappa-mothers/the-roxy-performances/,https://rateyourmusic.com/artist/the-mothers-of-invention,N/A,N/A
50,https://e.snmc.io/2.5/img/images/blank.png,music,Genesis,Foxtrot,1972,https://rateyourmusic.com/release/album/genesis/foxtrot/,https://rateyourmusic.com/artist/genesis,N/A,N/A
51,https://e.snmc.io/2.5/img/images/blank.png,music,The Velvet Underground,The Complete Matrix Tapes,2015,https://rateyourmusic.com/release/album/the-velvet-underground/the-complete-matrix-tapes/,https://rateyourmusic.com/artist/the-velvet-underground,N/A,N/A
52,https://e.snmc.io/2.5/img/images/blank.png,music,Natalia Lafourcade,De todas las flores,2022,https://rateyourmusic.com/release/album/natalia-lafourcade/de-todas-las-flores/,https://rateyourmusic.com/artist/natalia-lafourcade,N/A,N/A
53,https://e.snmc.io/2.5/img/images/blank.png,music,NoMeansNo,Wrong,1989,https://rateyourmusic.com/release/album/nomeansno/wrong/,https://rateyourmusic.com/artist/nomeansno,N/A,N/A
54,https://e.snmc.io/2.5/img/images/blank.png,music,Injury Reserve,By the Time I Get to Phoenix,2021,https://rateyourmusic.com/release/album/injury-reserve/by-the-time-i-get-to-phoenix/,https://rateyourmusic.com/artist/injury-reserve,N/A,N/A
55,https://e.snmc.io/2.5/img/images/blank.png,music,Opeth,Still Life,1999,https://rateyourmusic.com/release/album/opeth/still-life/,https://rateyourmusic.com/artist/opeth,N/A,N/A
56,https://e.snmc.io/2.5/img/images/blank.png,music,Iron Maiden,Seventh Son of a Seventh Son,1988,https://rateyourmusic.com/release/album/iron-maiden/seventh-son-of-a-seventh-son/,https://rateyourmusic.com/artist/iron-maiden,N/A,N/A
57,https://e.snmc.io/2.5/img/images/blank.png,music,Gang of Four,Entertainment!,1979,https://rateyourmusic.com/release/album/gang-of-four/entertainment/,https://rateyourmusic.com/artist/gang-of-four,N/A,N/A
58,https://e.snmc.io/2.5/img/images/blank.png,music,Tool,Ænima,1996,https://rateyourmusic.com/release/album/tool/aenima/,https://rateyourmusic.com/artist/tool,N/A,N/A
59,https://e.snmc.io/2.5/img/images/blank.png,music,Boris with Merzbow,Rock Dream,2007,https://rateyourmusic.com/release/album/boris-with-merzbow/rock-dream/,https://rateyourmusic.com/artist/boris-with-merzbow,N/A,N/A
60,https://e.snmc.io/2.5/img/images/blank.png,music,____ [Sheena Ringo],_______ [Shouso Strip],2000,https://rateyourmusic.com/release/album/____/_______-2/,https://rateyourmusic.com/artist/____,N/A,N/A
61,https://e.snmc.io/2.5/img/images/blank.png,music,Bruce Springsteen,"Hammersmith Odeon, London '75",2006,https://rateyourmusic.com/release/album/bruce-springsteen-and-the-e-street-band/hammersmith-odeon-london-75/,https://rateyourmusic.com/artist/bruce-springsteen,N/A,N/A
62,https://e.snmc.io/2.5/img/images/blank.png,music,Glenn Branca,The Ascension,1981,https://rateyourmusic.com/release/album/glenn-branca/the-ascension/,https://rateyourmusic.com/artist/glenn-branca,N/A,N/A
63,https://e.snmc.io/2.5/img/images/blank.png,music,LCD Soundsystem,This Is Happening,2010,https://rateyourmusic.com/release/album/lcd-soundsystem/this-is-happening/,https://rateyourmusic.com/artist/lcd-soundsystem,N/A,N/A
64,https://e.snmc.io/2.5/img/images/blank.png,music,Miles Davis,Dark Magus,1977,https://rateyourmusic.com/release/album/miles-davis/dark-magus/,https://rateyourmusic.com/artist/miles-davis,N/A,N/A
65,https://e.snmc.io/2.5/img/images/blank.png,music,Modest Mouse,The Moon & Antarctica,2000,https://rateyourmusic.com/release/album/modest-mouse/the-moon-and-antarctica/,https://rateyourmusic.com/artist/modest-mouse,N/A,N/A
66,https://e.snmc.io/2.5/img/images/blank.png,music,Aphex Twin,drukqs,2001,https://rateyourmusic.com/release/album/aphex-twin/drukqs/,https://rateyourmusic.com/artist/aphex-twin,N/A,N/A
67,https://e.snmc.io/2.5/img/images/blank.png,music,Charli XCX,Brat,2024,https://rateyourmusic.com/release/album/charli-xcx/brat/,https://rateyourmusic.com/artist/charli-xcx,N/A,N/A
68,https://e.snmc.io/2.5/img/images/blank.png,music,___ [Susumu Hirasawa],_____ [Kyuusai no gihou],1998,https://rateyourmusic.com/release/album/___/_____/,https://rateyourmusic.com/artist/___,N/A,N/A
69,https://e.snmc.io/2.5/img/images/blank.png,music,King Crimson,The Great Deceiver: Live 1973-1974,1992,https://rateyourmusic.com/release/album/king-crimson/the-great-deceiver-live-1973-1974/,https://rateyourmusic.com/artist/king-crimson,N/A,N/A
70,https://e.snmc.io/2.5/img/images/blank.png,music,Adrianne Lenker,Live at Revolution Hall,2025,https://rateyourmusic.com/release/album/adrianne-lenker/live-at-revolution-hall/,https://rateyourmusic.com/artist/adrianne-lenker,N/A,N/A
71,https://e.snmc.io/i/150/s/bb6495b1d9a8e20150a7b4db0418c1ef/10571035,music,Camel,Mirage,1974,https://rateyourmusic.com/release/album/camel/mirage/,https://rateyourmusic.com/artist/camel,N/A,N/A
72,https://e.snmc.io/i/150/s/9dd951800aa7155983b8fdd87ac24a01/2586089,music,Death,The Sound of Perseverance,1998,https://rateyourmusic.com/release/album/death/the-sound-of-perseverance/,https://rateyourmusic.com/artist/death,N/A,N/A
73,https://e.snmc.io/i/150/s/da33b46df45a14ff9afc5f7fc31c2c5e/13488371,music,Bob Dylan,"The Bootleg Series Vol. 4: Live 1966 - The ""Royal Albert Hall"" Concert",1998,https://rateyourmusic.com/release/album/bob-dylan/the-bootleg-series-vol-4-live-1966-the-royal-albert-hall-concert/,https://rateyourmusic.com/artist/bob-dylan,N/A,N/A
74,https://e.snmc.io/2.5/img/images/blank.png,music,Natural Snow Buildings,The Dance of the Moon and the Sun,2006,https://rateyourmusic.com/release/album/natural-snow-buildings/the-dance-of-the-moon-and-the-sun/,https://rateyourmusic.com/artist/natural-snow-buildings,N/A,N/A
75,https://e.snmc.io/2.5/img/images/blank.png,music,Charlie Mingus,Blues & Roots,1960,https://rateyourmusic.com/release/album/charlie-mingus/blues-and-roots/,https://rateyourmusic.com/artist/charles-mingus,N/A,N/A
76,https://e.snmc.io/2.5/img/images/blank.png,music,Kraftwerk,Die Mensch-Maschine,1978,https://rateyourmusic.com/release/album/kraftwerk/die-mensch-maschine/,https://rateyourmusic.com/artist/kraftwerk,N/A,N/A
77,https://e.snmc.io/2.5/img/images/blank.png,music,Charly García,Clics modernos,1983,https://rateyourmusic.com/release/album/charly-garcia/clics-modernos/,https://rateyourmusic.com/artist/charly-garcia,N/A,N/A
78,https://e.snmc.io/2.5/img/images/blank.png,music,Natural Snow Buildings,Daughter of Darkness,2009,https://rateyourmusic.com/release/album/natural-snow-buildings/daughter-of-darkness/,https://rateyourmusic.com/artist/natural-snow-buildings,N/A,N/A
79,https://e.snmc.io/2.5/img/images/blank.png,music,The Roots,Things Fall Apart,1999,https://rateyourmusic.com/release/album/the-roots/things-fall-apart/,https://rateyourmusic.com/artist/the-roots,N/A,N/A
80,https://e.snmc.io/2.5/img/images/blank.png,music,Swans,The Glowing Man,2016,https://rateyourmusic.com/release/album/swans/the-glowing-man/,https://rateyourmusic.com/artist/swans,N/A,N/A
81,https://e.snmc.io/2.5/img/images/blank.png,music,The Kinks,The Kinks Are the Village Green Preservation Society,1968,https://rateyourmusic.com/release/album/the-kinks/the-kinks-are-the-village-green-preservation-society/,https://rateyourmusic.com/artist/the-kinks,N/A,N/A
82,https://e.snmc.io/2.5/img/images/blank.png,music,King Crimson,Absent Lovers: Live in Montreal 1984,1998,https://rateyourmusic.com/release/album/king-crimson/absent-lovers-live-in-montreal-1984/,https://rateyourmusic.com/artist/king-crimson,N/A,N/A
83,https://e.snmc.io/2.5/img/images/blank.png,music,Kanye West,The Life of Pablo,2016,https://rateyourmusic.com/release/album/kanye-west/the-life-of-pablo/,https://rateyourmusic.com/artist/kanye-west,N/A,N/A
84,https://e.snmc.io/2.5/img/images/blank.png,music,Neil Young,Live at Massey Hall 1971,2007,https://rateyourmusic.com/release/album/neil-young/live-at-massey-hall-1971/,https://rateyourmusic.com/artist/neil-young,N/A,N/A
85,https://e.snmc.io/2.5/img/images/blank.png,music,Portishead,Roseland NYC Live,1998,https://rateyourmusic.com/release/album/portishead/roseland-nyc-live/,https://rateyourmusic.com/artist/portishead,N/A,N/A
86,https://e.snmc.io/2.5/img/images/blank.png,music,Unwound,Repetition,1996,https://rateyourmusic.com/release/album/unwound/repetition/,https://rateyourmusic.com/artist/unwound,N/A,N/A
87,https://e.snmc.io/2.5/img/images/blank.png,music,____ [Ichiko Aoba],0,2013,https://rateyourmusic.com/release/album/____/0/,https://rateyourmusic.com/artist/____,N/A,N/A
88,https://e.snmc.io/2.5/img/images/blank.png,music,Gang Starr,Moment of Truth,1998,https://rateyourmusic.com/release/album/gang-starr/moment-of-truth/,https://rateyourmusic.com/artist/gang-starr,N/A,N/A
89,https://e.snmc.io/2.5/img/images/blank.png,music,Aphex Twin,Selected Ambient Works Volume II,1994,https://rateyourmusic.com/release/album/aphex-twin/selected-ambient-works-volume-ii/,https://rateyourmusic.com/artist/aphex-twin,N/A,N/A
90,https://e.snmc.io/2.5/img/images/blank.png,music,Berliner Philharmoniker,IX. Symphonie,1963,https://rateyourmusic.com/release/album/berliner-philharmoniker-herbert-von-karajan/ix-symphonie-1/,https://rateyourmusic.com/artist/berliner-philharmoniker,N/A,N/A
91,https://e.snmc.io/2.5/img/images/blank.png,music,D'Angelo and The Vanguard,Black Messiah,2014,https://rateyourmusic.com/release/album/dangelo-and-the-vanguard/black-messiah/,https://rateyourmusic.com/artist/dangelo,N/A,N/A
92,https://e.snmc.io/2.5/img/images/blank.png,music,Nine Inch Nails,The Fragile,1999,https://rateyourmusic.com/release/album/nine-inch-nails/the-fragile/,https://rateyourmusic.com/artist/nine-inch-nails,N/A,N/A
93,https://e.snmc.io/2.5/img/images/blank.png,music,Nina Simone,Pastel Blues,1965,https://rateyourmusic.com/release/album/nina-simone/pastel-blues/,https://rateyourmusic.com/artist/nina-simone,N/A,N/A
94,https://e.snmc.io/2.5/img/images/blank.png,music,Weezer,Weezer,1994 [Additional release],https://rateyourmusic.com/release/additional/weezer/weezer/,https://rateyourmusic.com/artist/weezer,N/A,N/A
95,https://e.snmc.io/2.5/img/images/blank.png,music,Opeth,Blackwater Park,2001,https://rateyourmusic.com/release/album/opeth/blackwater-park/,https://rateyourmusic.com/artist/opeth,N/A,N/A
96,https://e.snmc.io/i/150/s/fedd5e305c4615694a6907064c279fa4/13648474,music,Ween,The Mollusk,1997,https://rateyourmusic.com/release/album/ween/the-mollusk/,https://rateyourmusic.com/artist/ween,N/A,N/A
97,https://e.snmc.io/i/150/s/cc1307f054c5da7d82781a960c521979/4080011,music,Sun Kil Moon,Ghosts of the Great Highway,2003,https://rateyourmusic.com/release/album/sun-kil-moon/ghosts-of-the-great-highway/,https://rateyourmusic.com/artist/sun-kil-moon,N/A,N/A
98,https://e.snmc.io/i/150/s/f58b0c06c3adfd0fe03be9f8cc0a765c/2476806,music,Viktor Vaughn,Vaudeville Villain,2003,https://rateyourmusic.com/release/album/viktor-vaughn/vaudeville-villain/,https://rateyourmusic.com/artist/viktor-vaughn,N/A,N/A
99,https://e.snmc.io/2.5/img/images/blank.png,music,Ichiko Aoba,Windswept Adan,2021,https://rateyourmusic.com/release/album/ichiko-aoba/windswept-adan-1/,https://rateyourmusic.com/artist/____,N/A,N/A
100,https://e.snmc.io/2.5/img/images/blank.png,music,Black Sabbath,Sabbath Bloody Sabbath,1973,https://rateyourmusic.com/release/album/black-sabbath/sabbath-bloody-sabbath/,https://rateyourmusic.com/artist/black-sabbath,N/A,N/A
101,https://e.snmc.io/2.5/img/images/blank.png,music,Talking Heads,The Name of This Band Is Talking Heads,1982,https://rateyourmusic.com/release/album/talking-heads/the-name-of-this-band-is-talking-heads/,https://rateyourmusic.com/artist/talking-heads,N/A,N/A
102,https://e.snmc.io/2.5/img/images/blank.png,music,____ [Parannoul],After the Night,2023,https://rateyourmusic.com/release/album/____/after-the-night/,https://rateyourmusic.com/artist/____,N/A,N/A
103,https://e.snmc.io/2.5/img/images/blank.png,music,Various Artists,The Fire This Time,2002,https://rateyourmusic.com/release/album/various-artists/the-fire-this-time/,https://rateyourmusic.com/artist/various-artists,N/A,N/A
104,https://e.snmc.io/2.5/img/images/blank.png,music,Jethro Tull,Thick as a Brick,1972,https://rateyourmusic.com/release/album/jethro-tull/thick-as-a-brick/,https://rateyourmusic.com/artist/jethro-tull,N/A,N/A
105,https://e.snmc.io/2.5/img/images/blank.png,music,LCD Soundsystem,The Long Goodbye: LCD Soundsystem Live at Madison Square Garden,2014,https://rateyourmusic.com/release/album/lcd-soundsystem/the-long-goodbye-lcd-soundsystem-live-at-madison-square-garden/,https://rateyourmusic.com/artist/lcd-soundsystem,N/A,N/A
106,https://e.snmc.io/2.5/img/images/blank.png,music,Geordie Greep,The New Sound,2024,https://rateyourmusic.com/release/album/geordie-greep/the-new-sound/,https://rateyourmusic.com/artist/geordie-greep,N/A,N/A
107,https://e.snmc.io/2.5/img/images/blank.png,music,John Coltrane,The Olatunji Concert: The Last Live Recording,2001,https://rateyourmusic.com/release/album/john-coltrane/the-olatunji-concert-the-last-live-recording/,https://rateyourmusic.com/artist/john-coltrane,N/A,N/A
108,https://e.snmc.io/2.5/img/images/blank.png,music,John Coltrane,Blue Train,1958,https://rateyourmusic.com/release/album/john-coltrane/blue-train/,https://rateyourmusic.com/artist/john-coltrane,N/A,N/A
109,https://e.snmc.io/2.5/img/images/blank.png,music,At the Drive-In,Relationship of Command,2000,https://rateyourmusic.com/release/album/at-the-drive-in/relationship-of-command/,https://rateyourmusic.com/artist/at-the-drive-in,N/A,N/A
110,https://e.snmc.io/2.5/img/images/blank.png,music,Elliott Smith,XO,1998,https://rateyourmusic.com/release/album/elliott-smith/xo/,https://rateyourmusic.com/artist/elliott-smith,N/A,N/A
111,https://e.snmc.io/2.5/img/images/blank.png,music,The Beatles,Magical Mystery Tour,1967,https://rateyourmusic.com/release/album/the-beatles/magical-mystery-tour/,https://rateyourmusic.com/artist/the-beatles,N/A,N/A
112,https://e.snmc.io/2.5/img/images/blank.png,music,Gorillaz,Demon Days,2005,https://rateyourmusic.com/release/album/gorillaz/demon-days/,https://rateyourmusic.com/artist/gorillaz,N/A,N/A
113,https://e.snmc.io/2.5/img/images/blank.png,music,Janet,The Velvet Rope,1997,https://rateyourmusic.com/release/album/janet/the-velvet-rope/,https://rateyourmusic.com/artist/janet-jackson,N/A,N/A
114,https://e.snmc.io/2.5/img/images/blank.png,music,Paul McCartney,Ram,1971,https://rateyourmusic.com/release/album/paul-and-linda-mccartney/ram/,https://rateyourmusic.com/artist/paul-mccartney,N/A,N/A
115,https://e.snmc.io/2.5/img/images/blank.png,music,Talking Heads,Speaking in Tongues,1983,https://rateyourmusic.com/release/album/talking-heads/speaking-in-tongues/,https://rateyourmusic.com/artist/talking-heads,N/A,N/A
116,https://e.snmc.io/2.5/img/images/blank.png,music,Cryptopsy,None So Vile,1996,https://rateyourmusic.com/release/album/cryptopsy/none-so-vile/,https://rateyourmusic.com/artist/cryptopsy,N/A,N/A
117,https://e.snmc.io/2.5/img/images/blank.png,music,Earl Sweatshirt,Some Rap Songs,2018,https://rateyourmusic.com/release/album/earl-sweatshirt/some-rap-songs/,https://rateyourmusic.com/artist/earl-sweatshirt,N/A,N/A
118,https://e.snmc.io/2.5/img/images/blank.png,music,Mount Eerie,A Crow Looked at Me,2017,https://rateyourmusic.com/release/album/mount-eerie/a-crow-looked-at-me/,https://rateyourmusic.com/artist/mount-eerie,N/A,N/A
119,https://e.snmc.io/2.5/img/images/blank.png,music,Big Thief,Dragon New Warm Mountain I Believe in You,2022,https://rateyourmusic.com/release/album/big-thief/dragon-new-warm-mountain-i-believe-in-you/,https://rateyourmusic.com/artist/big-thief,N/A,N/A
120,https://e.snmc.io/2.5/img/images/blank.png,music,Tool,Lateralus,2001,https://rateyourmusic.com/release/album/tool/lateralus/,https://rateyourmusic.com/artist/tool,N/A,N/A
121,https://e.snmc.io/i/150/s/6b547bce46f1b580ab25044dee7fb6c3/9434445,music,Swans,The Seer,2012,https://rateyourmusic.com/release/album/swans/the-seer/,https://rateyourmusic.com/artist/swans,N/A,N/A
122,https://e.snmc.io/i/150/s/052866d656da0cb87b07eab872d07c70/10058214,music,Gustavo Cerati,Bocanada,1999,https://rateyourmusic.com/release/album/gustavo-cerati/bocanada/,https://rateyourmusic.com/artist/gustavo-cerati,N/A,N/A
123,https://e.snmc.io/i/150/s/8a4caa4b508913b66cc73f3f996c4e88/12180637,music,____ [Sheena Ringo],___ __ ___ (Kalk samen kuri no hana),2008,https://rateyourmusic.com/release/album/____/___-__-___-kalk-samen-kuri-no-hana-3/,https://rateyourmusic.com/artist/____,N/A,N/A
124,https://e.snmc.io/2.5/img/images/blank.png,music,Joanna Newsom,Have One on Me,2010,https://rateyourmusic.com/release/album/joanna-newsom/have-one-on-me/,https://rateyourmusic.com/artist/joanna-newsom,N/A,N/A
125,https://e.snmc.io/2.5/img/images/blank.png,music,Duster,Stratosphere,1998,https://rateyourmusic.com/release/album/duster/stratosphere/,https://rateyourmusic.com/artist/duster,N/A,N/A
126,https://e.snmc.io/2.5/img/images/blank.png,music,JPEGMAFIA,Scaring the Hoes,2023,https://rateyourmusic.com/release/album/jpegmafia-danny-brown/scaring-the-hoes/,https://rateyourmusic.com/artist/jpegmafia,N/A,N/A
127,https://e.snmc.io/2.5/img/images/blank.png,music,The Stone Roses,The Stone Roses,1989,https://rateyourmusic.com/release/album/the-stone-roses/the-stone-roses/,https://rateyourmusic.com/artist/the-stone-roses,N/A,N/A
128,https://e.snmc.io/2.5/img/images/blank.png,music,Death Grips,Bottomless Pit,2016,https://rateyourmusic.com/release/album/death-grips/bottomless-pit/,https://rateyourmusic.com/artist/death-grips,N/A,N/A
129,https://e.snmc.io/2.5/img/images/blank.png,music,Judas Priest,Painkiller,1990,https://rateyourmusic.com/release/album/judas-priest/painkiller/,https://rateyourmusic.com/artist/judas-priest,N/A,N/A
130,https://e.snmc.io/2.5/img/images/blank.png,music,Chico Buarque,Construção,1971,https://rateyourmusic.com/release/album/chico-buarque/construcao-3/,https://rateyourmusic.com/artist/chico-buarque,N/A,N/A
131,https://e.snmc.io/2.5/img/images/blank.png,music,Juan Gabriel,En el Palacio de Bellas Artes,1990,https://rateyourmusic.com/release/album/juan-gabriel/en-el-palacio-de-bellas-artes/,https://rateyourmusic.com/artist/juan-gabriel,N/A,N/A
132,https://e.snmc.io/2.5/img/images/blank.png,music,Miles Davis,Get Up With It,1974,https://rateyourmusic.com/release/album/miles-davis/get-up-with-it/,https://rateyourmusic.com/artist/miles-davis,N/A,N/A
133,https://e.snmc.io/2.5/img/images/blank.png,music,Stereolab,Dots and Loops,1997,https://rateyourmusic.com/release/album/stereolab/dots-and-loops/,https://rateyourmusic.com/artist/stereolab,N/A,N/A
134,https://e.snmc.io/2.5/img/images/blank.png,music,The Microphones,Mount Eerie,2003,https://rateyourmusic.com/release/album/the-microphones/mount-eerie/,https://rateyourmusic.com/artist/the-microphones,N/A,N/A
135,https://e.snmc.io/2.5/img/images/blank.png,music,Swans,Live Rope,2024,https://rateyourmusic.com/release/album/swans/live-rope/,https://rateyourmusic.com/artist/swans,N/A,N/A
136,https://e.snmc.io/2.5/img/images/blank.png,music,Curtis Mayfield,Curtis,1970,https://rateyourmusic.com/release/album/curtis-mayfield/curtis/,https://rateyourmusic.com/artist/curtis-mayfield,N/A,N/A
137,https://e.snmc.io/2.5/img/images/blank.png,music,Little Simz,Sometimes I Might Be Introvert,2021,https://rateyourmusic.com/release/album/little-simz/sometimes-i-might-be-introvert/,https://rateyourmusic.com/artist/little-simz,N/A,N/A
138,https://e.snmc.io/2.5/img/images/blank.png,music,black midi,Hellfire,2022,https://rateyourmusic.com/release/album/black-midi/hellfire/,https://rateyourmusic.com/artist/black-midi,N/A,N/A
139,https://e.snmc.io/2.5/img/images/blank.png,music,KIDS SEE GHOSTS,KIDS SEE GHOSTS,2018,https://rateyourmusic.com/release/album/kids-see-ghosts/kids-see-ghosts/,https://rateyourmusic.com/artist/kids-see-ghosts,N/A,N/A
140,https://e.snmc.io/2.5/img/images/blank.png,music,Iron Maiden,Powerslave,1984,https://rateyourmusic.com/release/album/iron-maiden/powerslave/,https://rateyourmusic.com/artist/iron-maiden,N/A,N/A
141,https://e.snmc.io/2.5/img/images/blank.png,music,JID,The Forever Story,2022,https://rateyourmusic.com/release/album/jid/the-forever-story/,https://rateyourmusic.com/artist/jid,N/A,N/A
142,https://e.snmc.io/2.5/img/images/blank.png,music,Charles Mingus,Let My Children Hear Music,1972,https://rateyourmusic.com/release/album/charles-mingus/let-my-children-hear-music/,https://rateyourmusic.com/artist/charles-mingus,N/A,N/A
143,https://e.snmc.io/2.5/img/images/blank.png,music,Comus,First Utterance,1971,https://rateyourmusic.com/release/album/comus/first-utterance/,https://rateyourmusic.com/artist/comus,N/A,N/A
144,https://e.snmc.io/2.5/img/images/blank.png,music,Jorge Ben,A Tábua de Esmeralda,1974,https://rateyourmusic.com/release/album/jorge-ben/a-tabua-de-esmeralda/,https://rateyourmusic.com/artist/jorge-ben,N/A,N/A
145,https://e.snmc.io/2.5/img/images/blank.png,music,Angelo Badalamenti,Twin Peaks,1990,https://rateyourmusic.com/release/album/angelo-badalamenti/twin-peaks/,https://rateyourmusic.com/artist/angelo-badalamenti,N/A,N/A
146,https://e.snmc.io/i/150/s/c553e7f94b0b16843422616e864cab1b/10939288,music,Pescado Rabioso,Artaud,1973,https://rateyourmusic.com/release/album/pescado-rabioso/artaud/,https://rateyourmusic.com/artist/pescado-rabioso,N/A,N/A
147,https://e.snmc.io/i/150/s/16a2586bda9b30d485978626be605af5/6545576,music,Duster,Stratosphere,1998,https://rateyourmusic.com/release/album/duster/stratosphere/,https://rateyourmusic.com/artist/duster,N/A,N/A
148,https://e.snmc.io/i/150/s/0b50464c3621e3d882f8ff1042b56863/12240507,music,Novos Baianos,Acabou chorare,1972,https://rateyourmusic.com/release/album/novos-baianos/acabou-chorare/,https://rateyourmusic.com/artist/novos-baianos,N/A,N/A
149,https://e.snmc.io/2.5/img/images/blank.png,music,Pink Floyd,Pink Floyd at Pompeii - MCMLXXII,2025,https://rateyourmusic.com/release/album/pink-floyd/pink-floyd-at-pompeii-mcmlxxii/,https://rateyourmusic.com/artist/pink-floyd,N/A,N/A
150,https://e.snmc.io/2.5/img/images/blank.png,music,D'Angelo,Voodoo,2000,https://rateyourmusic.com/release/album/dangelo/voodoo/,https://rateyourmusic.com/artist/dangelo,N/A,N/A
151,https://e.snmc.io/2.5/img/images/blank.png,music,Fishmans,Uchu Nippon Setagaya,N/A,https://rateyourmusic.com/release/album/fishmans/uchu-nippon-setagaya-2/,https://rateyourmusic.com/artist/fishmans,N/A,N/A
152,https://e.snmc.io/2.5/img/images/blank.png,music,Interpol,Turn On the Bright Lights,2002,https://rateyourmusic.com/release/album/interpol/turn-on-the-bright-lights/,https://rateyourmusic.com/artist/interpol,N/A,N/A
153,https://e.snmc.io/2.5/img/images/blank.png,music,A Tribe Called Quest,We Got It From Here… Thank You 4 Your Service,2016,https://rateyourmusic.com/release/album/a-tribe-called-quest/we-got-it-from-here…-thank-you-4-your-service/,https://rateyourmusic.com/artist/a-tribe-called-quest,N/A,N/A
154,https://e.snmc.io/2.5/img/images/blank.png,music,Built to Spill,Perfect From Now On,1997,https://rateyourmusic.com/release/album/built-to-spill/perfect-from-now-on/,https://rateyourmusic.com/artist/built-to-spill,N/A,N/A
155,https://e.snmc.io/2.5/img/images/blank.png,music,Boris,Boris at Last -Feedbacker-,2003,https://rateyourmusic.com/release/album/boris/boris-at-last-feedbacker-/,https://rateyourmusic.com/artist/boris,N/A,N/A
156,https://e.snmc.io/2.5/img/images/blank.png,music,Pink Floyd,Meddle,1971,https://rateyourmusic.com/release/album/pink-floyd/meddle/,https://rateyourmusic.com/artist/pink-floyd,N/A,N/A
157,https://e.snmc.io/2.5/img/images/blank.png,music,Mos Def,Black on Both Sides,1999,https://rateyourmusic.com/release/album/mos-def/black-on-both-sides/,https://rateyourmusic.com/artist/mos-def,N/A,N/A
158,https://e.snmc.io/2.5/img/images/blank.png,music,King Crimson,Discipline,1981,https://rateyourmusic.com/release/album/king-crimson/discipline/,https://rateyourmusic.com/artist/king-crimson,N/A,N/A
159,https://e.snmc.io/2.5/img/images/blank.png,music,Boris,Flood,2000,https://rateyourmusic.com/release/album/boris/flood/,https://rateyourmusic.com/artist/boris,N/A,N/A
160,https://e.snmc.io/2.5/img/images/blank.png,music,___ [Akira Yamaoka],Silent Hill 2,2001,https://rateyourmusic.com/release/album/___/silent-hill-2/,https://rateyourmusic.com/artist/___,N/A,N/A
161,https://e.snmc.io/2.5/img/images/blank.png,music,The Beach Boys,The Smile Sessions,2011,https://rateyourmusic.com/release/album/the-beach-boys/the-smile-sessions/,https://rateyourmusic.com/artist/the-beach-boys,N/A,N/A
162,https://e.snmc.io/2.5/img/images/blank.png,music,Jorge Ben,Fôrça bruta,1970,https://rateyourmusic.com/release/album/jorge-ben/forca-bruta/,https://rateyourmusic.com/artist/jorge-ben,N/A,N/A
163,https://e.snmc.io/2.5/img/images/blank.png,music,Death Grips,Jenny Death,2015,https://rateyourmusic.com/release/album/death-grips/jenny-death/,https://rateyourmusic.com/artist/death-grips,N/A,N/A
164,https://e.snmc.io/2.5/img/images/blank.png,music,JPEGMAFIA,Scaring the Hoes,2023,https://rateyourmusic.com/release/album/jpegmafia-danny-brown/scaring-the-hoes/,https://rateyourmusic.com/artist/jpegmafia,N/A,N/A
165,https://e.snmc.io/2.5/img/images/blank.png,music,Lauryn Hill,The Miseducation of Lauryn Hill,1998,https://rateyourmusic.com/release/album/lauryn-hill/the-miseducation-of-lauryn-hill/,https://rateyourmusic.com/artist/lauryn-hill,N/A,N/A
166,https://e.snmc.io/2.5/img/images/blank.png,music,"Tyler, The Creator",Flower Boy,2017,https://rateyourmusic.com/release/album/tyler-the-creator/flower-boy/,https://rateyourmusic.com/artist/tyler-the-creator,N/A,N/A
167,https://e.snmc.io/2.5/img/images/blank.png,music,Art Blakey and The Jazz Messengers,Art Blakey and The Jazz Messengers [Moanin'],1959,https://rateyourmusic.com/release/album/art-blakey-and-the-jazz-messengers/art-blakey-and-the-jazz-messengers-moanin/,https://rateyourmusic.com/artist/art-blakey,N/A,N/A
168,https://e.snmc.io/2.5/img/images/blank.png,music,Sweet Trip,You Will Never Know Why,2009,https://rateyourmusic.com/release/album/sweet-trip/you-will-never-know-why/,https://rateyourmusic.com/artist/sweet-trip,N/A,N/A
169,https://e.snmc.io/2.5/img/images/blank.png,music,Invisible,El jardín de los presentes,1976,https://rateyourmusic.com/release/album/invisible/el-jardin-de-los-presentes/,https://rateyourmusic.com/artist/invisible,N/A,N/A
170,https://e.snmc.io/2.5/img/images/blank.png,music,OutKast,ATLiens,1996,https://rateyourmusic.com/release/album/outkast/atliens/,https://rateyourmusic.com/artist/outkast,N/A,N/A
171,https://e.snmc.io/i/150/s/086e8fdbcd2d3e23d3779b15026051f0/2656313,music,Death,Human,1991,https://rateyourmusic.com/release/album/death/human/,https://rateyourmusic.com/artist/death,N/A,N/A
172,https://e.snmc.io/i/150/s/38f11a19fbd48d0f3af82f65958a7e6f/10815106,music,Deftones,White Pony,2000,https://rateyourmusic.com/release/album/deftones/white-pony/,https://rateyourmusic.com/artist/deftones,N/A,N/A
173,https://e.snmc.io/i/150/s/54541e848a610e6d497de9fb231ee1b2/12263497,music,Converge,Jane Doe,2001,https://rateyourmusic.com/release/album/converge/jane-doe/,https://rateyourmusic.com/artist/converge,N/A,N/A
174,https://e.snmc.io/i/150/s/db01b90fd0b942e2ee0d69579829b435/10765518,music,Charles Mingus,Mingus Ah Um,1959,https://rateyourmusic.com/release/album/charles-mingus/mingus-ah-um-11/,https://rateyourmusic.com/artist/charles-mingus,N/A,N/A
175,https://e.snmc.io/i/150/s/740d6efa6c99ef509b2dfabce9d7f72d/9823576,music,Weyes Blood,Titanic Rising,2019,https://rateyourmusic.com/release/album/weyes-blood/titanic-rising/,https://rateyourmusic.com/artist/weyes-blood,N/A,N/A
176,https://e.snmc.io/i/150/s/7266a305ef87c6087bfde07c032a78c4/11577317,music,JPEGMAFIA,LP!,2021,https://rateyourmusic.com/release/album/jpegmafia/lp/,https://rateyourmusic.com/artist/jpegmafia,N/A,N/A
177,https://e.snmc.io/i/150/s/c17ddc3eb91c9aed2fe32f6ea4700df7/11340504,music,Elliott Smith,Elliott Smith,1995,https://rateyourmusic.com/release/album/elliott-smith/elliott-smith/,https://rateyourmusic.com/artist/elliott-smith,N/A,N/A
178,https://e.snmc.io/i/150/s/e87fef7039be359656cdca02496e0292/2915758,music,Alice Coltrane featuring Pharoah Sanders,Journey in Satchidananda,1971,https://rateyourmusic.com/release/album/alice-coltrane-featuring-pharoah-sanders/journey-in-satchidananda/,https://rateyourmusic.com/artist/alice-coltrane,N/A,N/A
179,https://e.snmc.io/i/150/s/a0641e662f50f79f91f2790ff28b7b66/2513986,music,Can,Ege Bamyası,1972,https://rateyourmusic.com/release/album/can/ege-bamyasi/,https://rateyourmusic.com/artist/can,N/A,N/A
180,https://e.snmc.io/i/150/s/95a955fcd71a22c853318713b807489c/2689526,music,Electric Wizard,Dopethrone,2000,https://rateyourmusic.com/release/album/electric-wizard/dopethrone/,https://rateyourmusic.com/artist/electric-wizard,N/A,N/A
181,https://e.snmc.io/i/150/s/d5d16b50acb6bad640a563b16ae13b2c/6031464,music,Fela Kuti,Expensive Shit,1975,https://rateyourmusic.com/release/album/fela-ransome-kuti-and-africa-70/expensive-shit/,https://rateyourmusic.com/artist/fela-kuti,N/A,N/A
182,https://e.snmc.io/i/150/s/aaa510d636f8d31222d5083ff8ab37b8/7574206,music,Death Grips,Bottomless Pit,2016,https://rateyourmusic.com/release/album/death-grips/bottomless-pit/,https://rateyourmusic.com/artist/death-grips,N/A,N/A
183,https://e.snmc.io/i/150/s/d6c49d8a87b91e2cc686c4644b59d231/5801416,music,Burial,Untrue,2007,https://rateyourmusic.com/release/album/burial/untrue/,https://rateyourmusic.com/artist/burial-3,N/A,N/A
184,https://e.snmc.io/i/150/s/987a565847063c14850378c0b9688b8e/13038722,music,Townes Van Zandt,Townes Van Zandt,1969,https://rateyourmusic.com/release/album/townes-van-zandt/townes-van-zandt/,https://rateyourmusic.com/artist/townes-van-zandt,N/A,N/A
185,https://e.snmc.io/i/150/s/c81756f6ee0a1cf8678a05837c5154b8/1868622,music,Swans,Swans Are Dead,1998,https://rateyourmusic.com/release/album/swans/swans-are-dead/,https://rateyourmusic.com/artist/swans,N/A,N/A
186,https://e.snmc.io/i/150/s/a168102742157e39a906dc4eb9b5ba7d/7231563,music,Steve Reich and Musicians,Music for 18 Musicians,1978,https://rateyourmusic.com/release/album/steve-reich-and-musicians/music-for-18-musicians-2/,https://rateyourmusic.com/artist/steve-reich-and-musicians,N/A,N/A
187,https://e.snmc.io/i/150/s/523f57dd8cefe35c2a166b4cdf506218/10003396,music,Björk,Post,1995,https://rateyourmusic.com/release/album/bjork/post/,https://rateyourmusic.com/artist/bjork,N/A,N/A
188,https://e.snmc.io/i/150/s/3d0686e4aa3a2262f70b16960d345e9d/6118638,music,Radiohead,A Moon Shaped Pool,2016,https://rateyourmusic.com/release/album/radiohead/a-moon-shaped-pool/,https://rateyourmusic.com/artist/radiohead,N/A,N/A
189,https://e.snmc.io/i/150/s/fd6bfee6577636eb5379b4bc977c7449/1322561,music,Songs: Ohia,The Magnolia Electric Co,2003,https://rateyourmusic.com/release/album/songs-ohia/the-magnolia-electric-co/,https://rateyourmusic.com/artist/songs-ohia,N/A,N/A
190,https://e.snmc.io/i/150/s/1661408cd47c220ffcc06a4cf0a327dc/13768212,music,John Coltrane,My Favorite Things,1961,https://rateyourmusic.com/release/album/john-coltrane/my-favorite-things/,https://rateyourmusic.com/artist/john-coltrane,N/A,N/A
191,https://e.snmc.io/i/150/s/b1a03a80f4e86ef0d88b22fedb429145/7512101,music,Car Seat Headrest,Twin Fantasy,2011,https://rateyourmusic.com/release/album/car-seat-headrest/twin-fantasy/,https://rateyourmusic.com/artist/car-seat-headrest,N/A,N/A
192,https://e.snmc.io/i/150/s/ca8e27b302e8c142a3c43f6fbb69cb11/12568216,music,Mobb Deep,The Infamous,1995,https://rateyourmusic.com/release/album/mobb-deep/the-infamous/,https://rateyourmusic.com/artist/mobb-deep,N/A,N/A
193,https://e.snmc.io/i/150/s/b2681b8e227c805318ca398dfbdd5149/9293085,music,John Coltrane,Giant Steps,1960,https://rateyourmusic.com/release/album/john-coltrane/giant-steps/,https://rateyourmusic.com/artist/john-coltrane,N/A,N/A
194,https://e.snmc.io/i/150/s/782e50b2ba905daa7bda6574aa1399b6/8718251,music,Unwound,Leaves Turn Inside You,2001,https://rateyourmusic.com/release/album/unwound/leaves-turn-inside-you/,https://rateyourmusic.com/artist/unwound,N/A,N/A
195,https://e.snmc.io/i/150/s/6ad73dce67f17b32c212eda5481ee65b/11666558,music,Fiona Apple,When the Pawn,1999,https://rateyourmusic.com/release/album/fiona-apple/when-the-pawn/,https://rateyourmusic.com/artist/fiona-apple,N/A,N/A
196,https://e.snmc.io/i/150/s/418fb374adab13d32f3cb963672a4827/2405956,music,Sigur Rós,Ágætis byrjun,1999,https://rateyourmusic.com/release/album/sigur-ros/agaetis-byrjun/,https://rateyourmusic.com/artist/sigur-ros,N/A,N/A
197,https://e.snmc.io/i/150/s/96c3a3cda19a4ae30af6984cbdb5b0c7/5397244,music,Frank Zappa,Hot Rats,1969,https://rateyourmusic.com/release/album/frank-zappa/hot-rats/,https://rateyourmusic.com/artist/frank-zappa,N/A,N/A
198,https://e.snmc.io/i/150/s/d3a88053fb45182a5896cb64d42ff8b0/12176961,music,The Beatles,Rubber Soul,1965,https://rateyourmusic.com/release/album/the-beatles/rubber-soul/,https://rateyourmusic.com/artist/the-beatles,N/A,N/A
199,https://e.snmc.io/2.5/img/images/blank.png,music,Sade,Love Deluxe,1992,https://rateyourmusic.com/release/album/sade/love-deluxe/,https://rateyourmusic.com/artist/sade,N/A,N/A
200,https://e.snmc.io/2.5/img/images/blank.png,music,Sweet Trip,Velocity : Design : Comfort,2003,https://rateyourmusic.com/release/album/sweet-trip/velocity-design-comfort/,https://rateyourmusic.com/artist/sweet-trip,N/A,N/A
201,https://e.snmc.io/2.5/img/images/blank.png,music,A Tribe Called Quest,Midnight Marauders,1993,https://rateyourmusic.com/release/album/a-tribe-called-quest/midnight-marauders/,https://rateyourmusic.com/artist/a-tribe-called-quest,N/A,N/A
202,https://e.snmc.io/2.5/img/images/blank.png,music,OutKast,Aquemini,1998,https://rateyourmusic.com/release/album/outkast/aquemini/,https://rateyourmusic.com/artist/outkast,N/A,N/A
203,https://e.snmc.io/2.5/img/images/blank.png,music,Pharoah Sanders,Karma,1969,https://rateyourmusic.com/release/album/pharoah-sanders/karma/,https://rateyourmusic.com/artist/pharoah-sanders,N/A,N/A
204,https://e.snmc.io/2.5/img/images/blank.png,music,Talk Talk,Laughing Stock,1991,https://rateyourmusic.com/release/album/talk-talk/laughing-stock/,https://rateyourmusic.com/artist/talk-talk,N/A,N/A
205,https://e.snmc.io/2.5/img/images/blank.png,music,Metallica,Ride the Lightning,1984,https://rateyourmusic.com/release/album/metallica/ride-the-lightning/,https://rateyourmusic.com/artist/metallica,N/A,N/A
206,https://e.snmc.io/2.5/img/images/blank.png,music,Massive Attack,Mezzanine,1998,https://rateyourmusic.com/release/album/massive-attack/mezzanine/,https://rateyourmusic.com/artist/massive-attack,N/A,N/A
207,https://e.snmc.io/2.5/img/images/blank.png,music,Nine Inch Nails,The Downward Spiral,1994,https://rateyourmusic.com/release/album/nine-inch-nails/the-downward-spiral/,https://rateyourmusic.com/artist/nine-inch-nails,N/A,N/A
208,https://e.snmc.io/2.5/img/images/blank.png,music,Kanye West,Late Registration,2005,https://rateyourmusic.com/release/album/kanye-west/late-registration/,https://rateyourmusic.com/artist/kanye-west,N/A,N/A
209,https://e.snmc.io/2.5/img/images/blank.png,music,"Black Country, New Road",Ants From Up There,2022,https://rateyourmusic.com/release/album/black-country-new-road/ants-from-up-there-1/,https://rateyourmusic.com/artist/black-country-new-road,N/A,N/A
210,https://e.snmc.io/2.5/img/images/blank.png,music,J Dilla,Donuts,2006,https://rateyourmusic.com/release/album/j-dilla/donuts/,https://rateyourmusic.com/artist/j-dilla,N/A,N/A
211,https://e.snmc.io/2.5/img/images/blank.png,music,Black Sabbath,Master of Reality,1971,https://rateyourmusic.com/release/album/black-sabbath/master-of-reality/,https://rateyourmusic.com/artist/black-sabbath,N/A,N/A
212,https://e.snmc.io/2.5/img/images/blank.png,music,Swans,Soundtracks for the Blind,1996,https://rateyourmusic.com/release/album/swans/soundtracks-for-the-blind/,https://rateyourmusic.com/artist/swans,N/A,N/A
213,https://e.snmc.io/2.5/img/images/blank.png,music,Have a Nice Life,Deathconsciousness,2008,https://rateyourmusic.com/release/album/have-a-nice-life/deathconsciousness/,https://rateyourmusic.com/artist/have-a-nice-life,N/A,N/A
214,https://e.snmc.io/2.5/img/images/blank.png,music,Fishmans,98.12.28 _____ [98.12.28 Otokotachi no wakare],1999,https://rateyourmusic.com/release/album/fishmans/98_12_28-_____/,https://rateyourmusic.com/artist/fishmans,N/A,N/A
215,https://e.snmc.io/2.5/img/images/blank.png,music,Frank Ocean,Blonde,2016,https://rateyourmusic.com/release/album/frank-ocean/blonde/,https://rateyourmusic.com/artist/frank-ocean,N/A,N/A
216,https://e.snmc.io/2.5/img/images/blank.png,music,The Microphones,"""The Glow"" Pt. 2",2001,https://rateyourmusic.com/release/album/the-microphones/the-glow-pt-2/,https://rateyourmusic.com/artist/the-microphones,N/A,N/A
217,https://e.snmc.io/i/150/s/4e6f9405477346851b744c3b2d6d081c/13648238,music,Death Grips,The Money Store,2012,https://rateyourmusic.com/release/album/death-grips/the-money-store/,https://rateyourmusic.com/artist/death-grips,N/A,N/A
218,https://e.snmc.io/i/150/s/141aa549b9cd4d657b9fc11fc7c30bba/7574908,music,"Tyler, The Creator",Igor,2019,https://rateyourmusic.com/release/album/tyler-the-creator/igor/,https://rateyourmusic.com/artist/tyler-the-creator,N/A,N/A
219,https://e.snmc.io/i/150/s/2f5f7cddfcd8cc9a45817e34105fb3f7/10504082,music,Fishmans,LONG SEASON,1996,https://rateyourmusic.com/release/album/fishmans/long-season/,https://rateyourmusic.com/artist/fishmans,N/A,N/A
220,https://e.snmc.io/i/150/s/c61eb372f9fddef94155a56b0f1eb962/13182128,music,Miles Davis,Kind of Blue,1959,https://rateyourmusic.com/release/album/miles-davis/kind-of-blue/,https://rateyourmusic.com/artist/miles-davis,N/A,N/A
221,https://e.snmc.io/i/150/s/2e9243f62958e737334846c59ceb1eeb/10733413,music,King Crimson,Red,1974,https://rateyourmusic.com/release/album/king-crimson/red/,https://rateyourmusic.com/artist/king-crimson,N/A,N/A
222,https://e.snmc.io/i/150/s/b2a34b3ec4b4d17cba562a0cbaf0e6e8/5662600,music,Godspeed You Black Emperor!,Lift Yr. Skinny Fists Like Antennas to Heaven!,2000,https://rateyourmusic.com/release/album/godspeed-you-black-emperor/lift-yr-skinny-fists-like-antennas-to-heaven/,https://rateyourmusic.com/artist/godspeed-you-black-emperor,N/A,N/A
223,https://e.snmc.io/i/150/s/de23db873168d8993061e1d148213096/13200445,music,Madvillain,Madvillainy,2004,https://rateyourmusic.com/release/album/madvillain/madvillainy/,https://rateyourmusic.com/artist/madvillain,N/A,N/A